0:00:00.009936	0	0	0
0:00:00.515045	0	0	0
0:00:01.019901	0	0	0
0:00:01.524961	0	0	0
0:00:02.029914	0	0	0
0:00:02.534948	0	39	39
0:00:03.039859	0	66	66
0:00:03.544932	0	87	87
0:00:04.049852	0	123	123
0:00:04.554816	0	162	162
0:00:05.059807	0	186	186
0:00:05.564801	0	164	165
0:00:06.069785	0	165	165
0:00:06.574832	0	165	165
0:00:07.079753	0	165	165
0:00:07.584774	0	163	164
0:00:08.089787	0	142	142
0:00:08.594760	0	142	142
0:00:09.099707	0	142	142
0:00:09.604740	0	142	142
0:00:10.109720	0	116	116
0:00:10.614706	0	94	94
0:00:11.119697	0	92	92
0:00:11.624678	0	92	92
0:00:12.130084	0	95	95
0:00:12.634706	0	97	97
0:00:13.139632	0	101	101
0:00:13.644586	0	101	101
0:00:14.149675	0	101	101
0:00:14.654605	0	101	101
0:00:15.159552	0	101	101
0:00:15.664626	0	101	101
0:00:16.169606	0	101	101
0:00:16.674500	96	101	101
0:00:17.179512	96	78	73
0:00:17.684532	96	77	72
0:00:18.189544	96	76	72
0:00:18.693445	96	75	72
0:00:19.198604	96	76	73
0:00:19.703478	96	90	86
0:00:20.208481	96	90	87
0:00:20.713416	96	101	97
0:00:21.218440	96	106	103
0:00:21.723419	96	110	107
0:00:22.228471	96	119	116
0:00:22.733421	96	121	119
0:00:23.238388	96	146	143
0:00:23.743408	96	145	143
0:00:24.248333	96	153	151
0:00:24.753350	96	156	156
0:00:25.258333	96	156	157
0:00:25.763362	96	162	165
0:00:26.268318	96	164	168
0:00:26.773302	96	161	169
0:00:27.278282	96	165	175
0:00:27.783265	96	165	176
0:00:28.288261	96	161	175
0:00:28.793254	96	162	180
0:00:29.298227	96	159	179
0:00:29.803220	96	157	177
0:00:30.308185	96	155	177
0:00:30.813198	96	152	176
0:00:31.318155	96	152	176
0:00:31.823131	96	151	175
0:00:32.328162	96	149	175
0:00:32.833141	96	147	174
0:00:33.338110	96	147	174
0:00:33.843116	96	147	174
0:00:34.348131	96	146	173
0:00:34.853092	96	145	174
0:00:35.358044	96	144	173
0:00:35.863076	96	144	173
0:00:36.368030	96	143	173
0:00:36.873051	96	143	173
0:00:37.378010	96	142	173
0:00:37.882988	96	142	173
0:00:38.387956	96	142	173
0:00:39.472005	96	156	169
0:00:39.976982	96	154	167
0:00:40.481909	96	141	167
0:00:40.986936	96	134	169
0:00:41.491874	96	134	171
0:00:41.996906	96	137	170
0:00:42.501961	96	138	170
0:00:43.006895	96	144	169
0:00:43.511830	96	136	171
0:00:44.016866	96	136	171
0:00:44.521892	96	140	170
0:00:45.026839	96	153	167
0:00:45.531823	96	150	165
0:00:46.036854	96	148	163
0:00:46.541752	96	146	163
0:00:47.046811	96	154	160
0:00:47.551729	96	151	158
0:00:48.056767	96	149	156
0:00:48.561746	96	148	155
0:00:49.066767	96	149	153
0:00:49.571678	96	149	151
0:00:50.076741	96	139	152
0:00:50.581718	96	127	157
0:00:51.086689	96	121	164
0:00:51.591683	96	121	167
0:00:52.096693	96	122	169
0:00:52.601651	96	0	0
0:00:53.106637	96	0	0
0:00:53.611626	96	0	0
0:00:54.116623	96	0	0
0:00:54.621604	96	0	0
0:00:55.126618	96	0	0
0:00:55.631585	96	0	0
0:00:56.136576	96	0	0
0:00:56.641552	96	0	0
0:00:57.146543	96	0	0
0:00:57.651489	96	0	0
0:00:58.156516	96	0	0
0:00:58.661491	96	0	0
0:00:59.166516	96	0	0
0:00:59.671481	96	0	0
0:01:00.176464	96	0	0
0:01:00.681450	96	0	0
0:01:01.186443	96	0	0
0:01:01.691417	96	0	0
0:01:02.196405	96	0	0
0:01:02.701396	96	0	0
0:01:03.206387	96	0	0
0:01:03.711370	96	0	0
0:01:04.216369	96	0	0
0:01:04.721308	96	0	0
0:01:05.226341	96	0	0
0:01:05.731315	96	0	0
0:01:06.236388	96	0	0
0:01:06.741287	96	0	0
0:01:07.246320	96	0	0
0:01:07.751244	96	0	0
0:01:08.256267	96	0	0
0:01:08.761236	96	0	0
0:01:09.266233	96	0	0
0:01:09.771214	96	0	0
0:01:10.276309	96	0	0
0:01:10.781192	96	0	0
0:01:11.286268	96	0	0
0:01:11.791195	96	0	0
0:01:12.296232	96	0	0
0:01:12.801096	96	0	0
0:01:13.306145	96	0	0
0:01:13.811107	96	0	0
0:01:14.316179	96	0	0
0:01:14.821040	96	0	0
0:01:15.326145	96	0	0
0:01:15.831088	96	0	0
0:01:16.336112	96	0	0
0:01:16.841036	96	0	0
0:01:17.346024	96	0	0
0:01:17.851015	96	0	0
0:01:18.356021	96	0	0
0:01:18.861011	96	0	0
0:01:19.365990	96	0	0
0:01:19.870976	96	0	0
0:01:20.376011	96	0	0
0:01:20.880931	96	0	0
0:01:21.385927	96	0	0
0:01:21.889958	96	0	0
0:01:22.394938	96	0	0
0:01:22.899841	96	0	0
0:01:23.404866	96	0	0
0:01:23.909886	96	0	0
0:01:24.412836	96	0	0
0:01:24.917890	96	0	0
0:01:25.422814	96	0	0
0:01:25.927801	96	0	0
0:01:26.432884	96	0	0
0:01:26.937766	96	0	0
0:01:27.442769	96	0	0
0:01:27.947741	96	0	0
0:01:28.452756	96	0	0
0:01:28.957726	96	0	0
0:01:29.462715	96	0	0
0:01:29.967723	96	0	0
0:01:30.472688	96	0	0
0:01:30.977714	96	0	0
0:01:31.482664	96	0	0
0:01:31.987651	96	0	0
0:01:32.492684	96	0	0
0:01:32.997661	96	0	0
0:01:33.502572	96	0	0
0:01:34.007596	96	0	0
0:01:34.512685	96	0	0
0:01:35.017573	96	0	0
0:01:35.522564	96	0	0
0:01:36.027538	96	0	0
0:01:38.678443	96	0	0
0:01:39.183435	96	0	0
0:01:39.688456	96	0	0
0:01:40.193448	96	0	0
0:01:40.698396	96	0	0
0:01:41.203419	96	0	0
0:01:41.708422	96	0	0
0:01:42.213426	96	0	0
0:01:42.718387	96	0	0
0:01:43.223355	96	0	0
0:01:43.728314	96	0	0
0:01:44.233359	96	0	0
0:01:44.738396	96	0	0
0:01:45.243281	96	0	0
0:01:45.748308	96	0	0
0:01:46.253256	96	0	0
0:01:46.758317	96	0	0
0:01:47.263269	96	0	0
0:01:47.768332	96	0	0
0:01:48.273199	96	0	0
0:01:48.778289	96	0	0
0:01:49.283219	96	0	0
0:01:49.788218	96	0	0
0:01:50.293143	96	0	0
0:01:50.798205	96	0	0
0:01:51.303226	96	0	0
0:01:51.808249	96	0	0
0:01:52.313128	96	0	0
0:01:52.818158	96	0	0
0:01:53.323079	96	0	0
0:01:53.828212	96	0	0
0:01:54.333076	96	0	0
0:01:54.838103	96	0	0
0:01:55.343060	96	0	0
0:01:55.848125	96	0	0
0:01:56.353081	96	0	0
0:01:56.858065	96	0	0
0:01:57.363021	96	0	0
0:01:57.868170	96	0	0
0:01:58.372990	96	0	0
0:01:58.878179	96	0	0
0:01:59.380993	96	0	0
0:01:59.885954	96	0	0
0:02:00.390906	96	0	0
0:02:00.895885	96	0	0
0:02:01.400912	96	0	0
0:02:01.905901	96	0	0
0:02:02.410851	96	0	0
0:02:02.915834	96	0	0
0:02:03.420867	96	0	0
0:02:03.925846	96	0	0
0:02:04.430894	96	0	0
0:02:04.935775	96	0	0
0:02:05.440851	96	0	0
0:02:05.945809	96	0	0
0:02:06.450792	96	0	0
0:02:06.955765	96	0	0
0:02:07.460766	96	0	0
0:02:07.965747	96	0	0
0:02:08.470700	96	0	0
0:02:08.975716	96	0	0
0:02:09.480747	96	0	0
0:02:09.985694	96	0	0
0:02:10.490666	96	0	0
0:02:10.995668	96	0	0
0:02:11.500636	96	0	0
0:02:12.005650	96	0	0
0:02:12.510596	96	0	0
0:02:13.015620	96	0	0
0:02:13.520613	96	0	0
0:02:14.025545	96	0	0
0:02:14.530634	96	0	0
0:02:15.035567	96	0	0
0:02:15.540572	96	0	0
0:02:16.045548	96	0	0
0:02:16.550586	96	0	0
0:02:17.055523	96	0	0
0:02:17.560505	96	0	0
0:02:18.065498	96	0	0
0:02:18.570509	96	0	0
0:02:19.075465	96	0	0
0:02:19.580464	96	0	0
0:02:20.085481	96	0	0
0:02:20.590429	96	0	0
0:02:21.095423	96	0	0
0:02:21.600384	96	0	0
0:02:22.105352	96	0	0
0:02:22.610369	96	0	0
0:02:23.115371	96	0	0
0:02:23.620334	96	0	0
0:02:24.125311	96	0	0
0:02:24.630331	96	0	0
0:02:25.135315	96	0	0
0:02:25.640366	96	0	0
0:02:26.145270	96	0	0
0:02:26.650334	96	0	0
0:02:27.155211	96	0	0
0:02:27.660292	96	0	0
0:02:28.165299	96	0	0
0:02:28.670275	96	0	0
0:02:29.175266	96	0	0
0:02:29.680435	96	0	0
0:02:30.185222	96	0	0
0:02:30.690129	96	0	0
0:02:31.195195	96	0	0
0:02:31.700195	96	0	0
0:02:32.205185	96	0	0
0:02:32.710094	96	0	0
0:02:33.215154	96	0	0
0:02:33.720102	96	0	0
0:02:34.225129	96	0	0
0:02:34.730049	96	0	0
0:02:35.235109	96	0	0
0:02:35.740041	96	0	0
0:02:36.245121	96	0	0
0:02:36.750055	96	0	0
0:02:37.255086	96	0	0
0:02:37.760216	96	0	0
0:02:38.265048	96	0	0
0:02:38.770017	96	0	0
0:02:39.275009	96	0	0
0:02:39.779897	96	0	0
0:02:40.284966	96	0	0
0:02:40.789899	96	0	0
0:02:41.292920	96	0	0
0:02:41.797897	96	0	0
0:02:42.302874	96	0	0
0:02:42.807838	96	0	0
0:02:43.312926	96	0	0
0:02:43.817878	96	0	0
0:02:44.322840	96	0	0
0:02:44.827835	96	0	0
0:02:45.332816	96	0	0
0:02:45.837861	96	0	0
0:02:46.342781	96	0	0
0:02:46.847764	96	0	0
0:02:47.352763	96	0	0
0:02:47.857788	96	0	0
0:02:48.362702	96	0	0
0:02:48.867686	96	0	0
0:02:49.372718	96	0	0
0:02:49.877750	96	0	0
0:02:50.382632	96	0	0
0:02:50.887715	96	0	0
0:02:51.392693	96	0	0
0:02:51.897686	96	0	0
0:02:52.402655	96	0	0
0:02:52.907584	96	0	0
0:02:53.412613	96	0	0
0:02:53.917592	96	0	0
0:02:54.422573	96	0	0
0:02:54.927545	96	0	0
0:02:55.432514	96	0	0
0:02:55.937509	96	0	0
0:02:56.442584	96	0	0
0:02:56.947509	96	0	0
0:02:57.452512	96	0	0
0:02:57.957534	96	0	0
0:02:58.462478	96	0	0
0:02:58.967471	96	0	0
0:02:59.472455	96	0	0
0:02:59.977410	96	0	0
0:03:00.482430	96	0	0
0:03:00.987432	96	0	0
0:03:01.492441	96	0	0
0:03:38.974374	96	0	0
0:03:39.479441	96	0	0
0:03:39.984427	96	0	0
0:03:40.489414	96	0	0
0:03:40.994374	96	0	0
0:03:41.499436	96	0	0
0:03:42.004400	96	0	0
0:03:42.509360	96	0	0
0:03:43.014356	96	0	0
0:03:43.519347	96	0	0
0:03:44.024326	96	0	0
0:03:44.529316	96	0	0
0:03:45.034331	96	0	0
0:03:45.539290	96	0	0
0:03:46.044251	96	0	0
0:03:46.549295	96	0	0
0:03:47.054215	96	0	0
0:03:47.559265	96	0	0
0:03:48.064196	96	0	0
0:03:48.569261	96	0	0
0:03:49.074232	96	0	0
0:03:49.579193	96	0	0
0:03:50.084180	96	0	0
0:03:50.589201	96	0	0
0:03:51.094120	96	0	0
0:03:51.599178	96	0	0
0:03:52.104192	96	0	0
0:03:52.609134	96	0	0
0:03:53.114073	96	0	0
0:03:53.619167	96	0	0
0:03:54.124174	96	0	0
0:03:54.629064	96	0	0
0:03:55.134019	96	0	0
0:03:55.639031	96	0	0
0:03:56.143980	96	0	0
0:03:56.649011	96	0	0
0:03:57.154052	96	0	0
0:03:57.658988	96	0	0
0:03:58.163929	96	0	0
0:03:58.668317	96	0	0
0:03:59.172915	96	0	0
0:03:59.677930	96	0	0
0:04:00.182926	96	0	0
0:04:00.687869	96	0	0
0:04:01.192861	96	0	0
0:04:01.697877	96	0	0
0:04:02.202833	96	0	0
0:04:02.707811	96	0	0
0:04:03.212843	96	0	0
0:04:03.717828	96	0	0
0:04:04.222780	96	0	0
0:04:04.727757	96	0	0
0:04:05.232855	96	0	0
0:04:05.737785	96	0	0
0:04:06.242784	96	0	0
0:04:06.747707	96	0	0
0:04:07.252769	96	0	0
0:04:07.757730	96	0	0
0:04:08.262699	96	0	0
0:04:08.767732	96	0	0
0:04:09.272709	96	0	0
0:04:09.777660	96	0	0
0:04:10.282700	96	0	0
0:04:10.787642	96	0	0
0:04:11.292658	96	0	0
0:04:11.797631	96	0	0
0:04:12.302665	96	0	0
0:04:12.807600	96	0	0
0:04:13.312651	96	0	0
0:04:13.817568	96	0	0
0:04:14.322580	96	0	0
0:04:14.827546	96	0	0
0:04:15.332563	96	0	0
0:04:15.837571	96	0	0
0:04:16.342513	96	0	0
0:04:16.847500	96	0	0
0:04:17.352525	96	0	0
0:04:17.857482	96	0	0
0:04:18.362445	96	0	0
0:04:18.867454	96	0	0
0:04:19.372493	96	0	0
0:04:19.877406	96	0	0
0:04:20.382449	96	0	0
0:04:20.887454	96	0	0
0:04:21.392348	96	0	0
0:04:21.897398	96	0	0
0:04:22.403334	96	0	0
0:04:22.908372	96	0	0
0:04:23.413290	96	0	0
0:04:23.918395	96	0	0
0:04:24.423279	96	0	0
0:04:24.928341	96	0	0
0:04:25.433235	96	0	0
0:04:25.938255	96	0	0
0:04:26.443256	96	0	0
0:04:26.948415	96	0	0
0:04:27.453186	96	0	0
0:04:27.958250	96	0	0
0:04:28.463226	96	0	0
0:04:28.968209	96	0	0
0:04:29.473174	96	0	0
0:04:29.978122	96	0	0
0:04:30.483144	96	0	0
0:04:30.988153	96	0	0
0:04:31.493145	96	0	0
0:04:31.998072	96	0	0
0:04:32.503099	96	0	0
0:04:33.008082	96	0	0
0:04:33.513078	96	0	0
0:04:34.018073	96	0	0
0:04:34.523049	96	0	0
0:04:35.027987	96	0	0
0:04:35.533038	96	0	0
0:04:36.037970	96	0	0
0:04:36.542992	96	0	0
0:04:37.047946	96	0	0
0:04:37.552988	96	0	0
0:04:38.059991	96	0	0
0:04:38.564953	96	0	0
0:04:39.069939	96	0	0
0:04:39.574933	96	0	0
0:04:40.079870	96	0	0
0:04:40.584962	96	0	0
0:04:41.089847	96	0	0
0:04:41.594842	96	0	0
0:04:42.099933	96	0	0
0:04:42.604876	96	0	0
0:04:43.109839	96	0	0
0:04:43.614794	96	0	0
0:04:44.119819	96	0	0
0:04:44.624847	96	0	0
0:04:45.129906	96	0	0
0:04:45.634775	96	0	0
0:04:46.139724	96	0	0
0:04:46.644715	96	0	0
0:04:47.149706	96	0	0
0:04:47.654681	96	0	0
0:04:48.159691	96	0	0
0:04:48.664699	96	0	0
0:04:49.169666	96	0	0
0:04:49.674644	96	0	0
0:04:50.179666	96	0	0
0:04:50.684658	96	0	0
0:04:51.189590	96	0	0
0:04:51.694603	96	0	0
0:04:52.199605	96	0	0
0:04:52.704695	96	0	0
0:04:53.209590	96	0	0
0:04:53.714596	96	0	0
0:04:54.219550	96	0	0
0:04:54.724571	96	0	0
0:04:55.229486	96	0	0
0:04:55.734508	96	0	0
0:04:56.239513	96	0	0
0:04:56.744517	96	0	0
0:04:57.249496	96	0	0
0:04:57.754449	96	0	0
0:04:58.259463	96	0	0
0:04:58.764425	96	0	0
0:04:59.269446	96	0	0
0:04:59.774421	96	0	0
0:05:00.279411	96	0	0
0:05:00.784395	96	0	0
0:05:01.289385	96	0	0
0:05:01.794361	96	0	0
0:05:02.299364	96	0	0
0:05:02.804386	96	0	0
0:05:03.309334	96	0	0
0:05:03.814316	96	0	0
0:05:04.319331	96	0	0
0:05:04.824329	96	0	0
0:05:05.329313	96	0	0
0:05:05.834257	96	0	0
0:05:06.339250	96	0	0
0:05:06.844255	96	0	0
0:05:07.349226	96	0	0
0:05:07.854214	96	0	0
0:05:08.358160	96	0	0
0:05:08.863203	96	0	0
0:05:09.368168	96	0	0
0:05:09.873199	96	0	0
0:05:10.378104	96	0	0
0:05:10.883234	96	0	0
0:05:11.388195	96	0	0
0:05:11.893154	96	0	0
0:05:12.398070	96	0	0
0:05:12.903088	96	0	0
0:05:13.408030	96	0	0
0:05:13.913105	96	0	0
0:05:14.418063	96	0	0
0:05:14.923052	96	0	0
0:05:15.427978	96	0	0
0:05:15.933017	96	0	0
0:05:16.438002	96	0	0
0:05:16.943052	96	0	0
0:05:17.447930	96	0	0
0:05:17.953007	96	0	0
0:05:18.458030	96	0	0
0:05:18.963342	96	0	0
0:05:19.467946	96	0	0
0:05:19.974238	96	0	0
0:05:20.478883	96	0	0
0:05:20.983872	96	0	0
0:05:21.488843	96	0	0
0:05:21.993822	96	0	0
0:05:22.498823	96	0	0
0:05:23.003832	96	0	0
0:05:23.508778	96	0	0
0:05:24.013804	96	0	0
0:05:24.518805	96	0	0
0:05:25.023787	96	0	0
0:05:25.528754	96	0	0
0:05:26.033756	96	0	0
0:05:26.538750	96	0	0
0:05:27.043728	96	0	0
0:05:27.548725	96	0	0
0:05:28.053717	96	0	0
0:05:28.558694	96	0	0
0:05:29.063680	96	0	0
0:05:29.568783	96	0	0
0:05:30.073654	96	0	0
0:05:30.578604	96	0	0
0:05:31.083635	96	0	0
0:05:31.588608	96	0	0
0:05:32.093605	96	0	0
0:05:32.598588	96	0	0
0:05:33.103591	96	0	0
0:05:33.608577	96	0	0
0:05:34.113552	96	0	0
0:05:34.618498	96	0	0
0:05:35.123534	96	0	0
0:05:35.628527	96	0	0
0:05:36.133530	96	0	0
0:05:36.638462	96	0	0
0:05:37.143502	96	0	0
0:05:37.648455	96	0	0
0:05:38.153424	96	0	0
0:05:38.658439	96	0	0
0:05:39.163415	96	0	0
0:05:39.668424	96	0	0
0:05:40.173472	96	0	0
0:05:40.678338	96	0	0
0:05:41.183416	96	0	0
0:05:41.688364	96	0	0
0:05:42.193360	96	0	0
0:05:42.698311	96	0	0
0:05:43.203372	96	0	0
0:05:43.708325	96	0	0
0:05:44.213306	96	0	0
0:05:44.718287	96	0	0
0:05:45.223281	96	0	0
0:05:45.728213	96	0	0
0:05:46.233249	96	0	0
0:05:46.738227	96	0	0
0:05:47.243224	96	0	0
0:05:47.748173	96	0	0
0:05:48.253224	96	0	0
0:05:48.758180	96	0	0
0:05:49.263184	96	0	0
0:05:49.768158	96	0	0
0:05:50.273216	96	0	0
0:05:50.778139	96	0	0
0:05:51.283089	96	0	0
0:05:51.788161	96	0	0
0:05:52.293134	96	0	0
0:05:52.798120	96	0	0
0:05:53.303131	96	0	0
0:05:53.808011	96	0	0
0:05:54.313047	96	0	0
0:05:54.818041	96	0	0
0:05:55.323056	96	0	0
0:05:55.827967	96	0	0
0:05:56.333033	96	0	0
0:05:56.838017	96	0	0
0:05:57.343032	96	0	0
0:05:57.848010	96	0	0
0:05:58.352987	96	0	0
0:05:58.857965	96	0	0
0:05:59.362996	96	0	0
0:05:59.867939	96	0	0
0:06:00.372978	96	0	0
0:06:00.877887	96	0	0
0:06:01.382875	96	0	0
0:06:01.887806	96	0	0
0:06:02.392889	96	0	0
0:06:02.897835	96	0	0
0:06:03.402883	96	0	0
0:06:03.907798	96	0	0
0:06:04.412876	96	0	0
0:06:04.917732	96	0	0
0:06:05.422794	96	0	0
0:06:05.927806	96	0	0
0:06:06.432820	96	0	0
0:06:06.937705	96	0	0
0:06:07.442796	96	0	0
0:06:07.947655	96	0	0
0:06:08.452776	96	0	0
0:06:08.957662	96	0	0
0:06:09.462729	96	0	0
0:06:13.801583	96	0	0
0:06:14.306557	96	0	0
0:06:14.815562	96	0	0
0:06:15.320478	96	0	0
0:06:15.825458	96	0	0
0:06:16.330486	96	0	0
0:06:16.835484	96	0	0
0:06:17.340471	96	0	0
0:06:17.845490	96	0	0
0:06:18.350471	96	0	0
0:06:18.855420	96	0	0
0:06:19.360423	96	0	0
0:06:19.865410	96	0	0
0:06:20.370398	96	0	0
0:06:20.875372	96	0	0
0:06:21.380370	96	0	0
0:06:21.885359	96	0	0
0:06:22.390335	96	0	0
0:06:22.895304	96	0	0
0:06:23.400327	96	0	0
0:06:23.905309	96	0	0
0:06:24.410283	96	0	0
0:06:24.915274	96	0	0
0:06:25.420310	96	0	0
0:06:25.925250	96	0	0
0:06:26.430246	96	0	0
0:06:26.935223	96	0	0
0:06:27.440239	96	0	0
0:06:27.945194	96	0	0
0:06:28.450214	96	0	0
0:06:28.955164	96	0	0
0:06:29.460223	96	0	0
0:06:29.965146	96	0	0
0:06:30.470138	96	0	0
0:06:30.975125	96	0	0
0:06:31.480159	96	0	0
0:06:31.985102	96	0	0
0:06:32.490161	96	0	0
0:06:32.995102	96	0	0
0:06:33.500020	96	0	0
0:06:34.005000	96	0	0
0:06:34.510069	96	0	0
0:06:35.014979	96	0	0
0:06:35.519995	96	0	0
0:06:36.024976	96	0	0
0:06:36.530045	96	0	0
0:06:37.034959	96	0	0
0:06:37.539915	96	0	0
0:06:38.044983	96	0	0
0:06:38.549929	96	0	0
0:06:39.054911	96	0	0
0:06:39.559860	96	0	0
0:06:40.064898	96	0	0
0:06:40.569871	96	0	0
0:06:41.074865	96	0	0
0:06:41.581325	96	0	0
0:06:42.085890	96	0	0
0:06:42.590881	96	0	0
0:06:43.095795	96	0	0
0:06:43.600885	96	0	0
0:06:44.105788	96	0	0
0:06:44.610809	96	0	0
0:06:45.115749	96	0	0
0:06:45.620811	96	0	0
0:06:46.125734	96	0	0
0:06:46.630800	96	0	0
0:06:47.135733	96	0	0
0:06:47.640774	96	0	0
0:06:48.145643	96	0	0
0:06:48.650706	96	0	0
0:06:49.155655	96	0	0
0:06:49.660729	96	0	0
0:06:50.165640	96	0	0
0:06:50.670718	96	0	0
0:06:51.175565	96	0	0
0:06:51.680631	96	0	0
0:06:52.185565	96	0	0
0:06:52.690649	96	0	0
0:06:53.195513	96	0	0
0:06:53.700615	96	0	0
0:06:54.205561	96	0	0
0:06:54.710555	96	0	0
0:06:55.215545	96	0	0
0:06:55.720556	96	0	0
0:06:56.225485	96	0	0
0:06:56.730498	96	0	0
0:06:57.235461	96	0	0
0:06:57.740477	96	0	0
0:06:58.245444	96	0	0
0:06:58.750468	96	0	0
0:06:59.255363	96	0	0
0:06:59.760434	96	0	0
0:07:00.265362	96	0	0
0:07:00.770402	96	0	0
0:07:01.275324	96	0	0
0:07:01.780393	96	0	0
0:07:02.285367	96	0	0
0:07:02.792792	96	0	0
0:07:03.297253	96	0	0
0:07:03.802260	96	0	0
0:07:04.307295	96	0	0
0:07:04.812234	96	0	0
0:07:05.317246	96	0	0
0:07:05.822292	96	0	0
0:07:06.327201	96	0	0
0:07:06.832228	96	0	0
0:07:07.337203	96	0	0
0:07:07.842192	96	0	0
0:07:08.347195	96	0	0
0:07:08.852153	96	0	0
0:07:09.357204	96	0	0
0:07:09.862114	96	0	0
0:07:10.367111	96	0	0
0:07:10.872102	96	0	0
0:07:11.377106	96	0	0
0:07:11.882064	96	0	0
0:07:12.387071	96	0	0
0:07:12.892114	96	0	0
0:07:13.397024	96	0	0
0:07:13.902079	96	0	0
0:07:14.407033	96	0	0
0:07:14.911968	96	0	0
0:07:15.417049	96	0	0
0:07:15.921986	96	0	0
0:07:16.426955	96	0	0
0:07:16.931921	96	0	0
0:07:17.436982	96	0	0
0:07:17.942165	96	0	0
0:07:18.446928	96	0	0
0:07:18.951939	96	0	0
0:07:19.456897	96	0	0
0:07:19.961886	96	0	0
0:07:20.466863	96	0	0
0:07:20.971815	96	0	0
0:07:21.476857	96	0	0
0:07:21.981846	96	0	0
0:07:22.486875	96	0	0
0:07:22.991777	96	0	0
0:07:23.496804	96	0	0
0:07:24.001786	96	0	0
0:07:24.506786	96	0	0
0:07:25.011724	96	0	0
0:07:25.516793	96	0	0
0:07:26.021732	96	0	0
0:07:26.526740	96	0	0
0:07:27.031700	96	0	0
0:07:27.536699	96	0	0
0:07:28.041688	96	0	0
0:07:28.546672	96	0	0
0:07:29.051672	96	0	0
0:07:29.556671	96	0	0
0:07:32.506568	96	0	0
0:07:33.011566	96	0	0
0:07:33.516568	96	0	0
0:07:34.021546	96	0	0
0:07:34.526545	96	0	0
0:07:35.031592	96	0	0
0:07:35.536476	96	0	0
0:07:36.041509	96	0	0
0:07:36.546456	96	0	0
0:07:37.051427	96	0	0
0:07:37.556480	96	0	0
0:07:38.061473	96	0	0
0:07:38.566454	96	0	0
0:07:39.071381	96	0	0
0:07:39.576386	96	0	0
0:07:40.081355	96	0	0
0:07:40.586364	96	0	0
0:07:41.091409	96	0	0
0:07:41.596335	96	0	0
0:07:42.101354	96	0	0
0:07:42.606348	96	0	0
0:07:43.111347	96	0	0
0:07:43.616268	96	0	0
0:07:44.121315	96	0	0
0:07:44.626260	96	0	0
0:07:45.131301	96	0	0
0:07:45.636339	96	0	0
0:07:46.141267	96	0	0
0:07:46.646218	96	0	0
0:07:47.151277	96	0	0
0:07:47.656266	96	0	0
0:07:48.161261	96	0	0
0:07:48.666124	96	0	0
0:07:49.170160	96	0	0
0:07:49.675116	96	0	0
0:07:50.180147	96	0	0
0:07:50.685134	96	0	0
0:07:51.190079	96	0	0
0:07:51.695052	96	0	0
0:07:52.200025	96	0	0
0:07:52.705118	96	0	0
0:07:53.210071	96	0	0
0:07:53.715055	96	0	0
0:07:54.219979	96	0	0
0:07:54.725042	96	0	0
0:07:55.229999	96	0	0
0:07:55.734955	96	0	0
0:07:56.239932	96	0	0
0:07:56.744953	96	0	0
0:07:57.249955	96	0	0
0:07:57.754900	96	0	0
0:07:58.259874	96	0	0
0:07:58.764967	96	0	0
0:07:59.269894	96	0	0
0:07:59.774850	96	0	0
0:08:00.279824	96	0	0
0:08:00.784861	96	0	0
0:08:01.289845	96	0	0
0:08:01.794869	96	0	0
0:08:02.299775	96	0	0
0:08:02.804840	96	0	0
0:08:03.309792	96	0	0
0:08:03.814802	96	0	0
0:08:04.319722	96	0	0
0:08:04.824770	96	0	0
0:08:05.329740	96	0	0
0:08:05.834744	96	0	0
0:08:06.339671	96	0	0
0:08:06.844717	96	0	0
0:08:07.349645	96	0	0
0:08:07.854677	96	0	0
0:08:08.359667	96	0	0
0:08:08.864637	96	0	0
0:08:09.369653	96	0	0
0:08:09.874614	96	0	0
0:08:10.379614	96	0	0
0:08:10.884278	96	0	0
0:08:11.389593	96	0	0
0:08:11.894546	96	0	0
0:08:12.399566	96	0	0
0:08:12.904559	96	0	0
0:08:13.409566	96	0	0
0:08:13.914491	96	0	0
0:08:14.419513	96	0	0
0:08:14.924472	96	0	0
0:08:15.429522	96	0	0
0:08:15.934458	96	0	0
0:08:16.439462	96	0	0
0:08:16.944457	96	0	0
0:08:17.449425	96	0	0
0:08:17.954414	96	0	0
0:08:18.459413	96	0	0
0:08:18.964453	96	0	0
0:08:19.469394	96	0	0
0:08:19.974374	96	0	0
0:08:20.479362	96	0	0
0:08:20.984326	96	0	0
0:08:21.489333	96	0	0
0:08:29.846070	96	0	0
0:08:30.351153	96	0	0
0:08:30.856162	96	0	0
0:08:31.361084	96	0	0
0:08:31.866031	96	0	0
0:08:32.371068	96	0	0
0:08:32.876162	96	0	0
0:08:39.663897	96	0	0
0:08:40.168836	96	0	0
0:08:40.672847	96	0	0
0:08:41.177921	96	0	0
0:08:41.682821	96	0	0
0:08:42.187882	96	0	0
0:08:42.692839	96	0	0
0:08:43.197799	96	0	0
0:08:43.702747	96	0	0
0:08:50.071613	96	0	0
0:08:50.579649	96	0	0
0:08:51.084616	96	0	0
0:08:51.589576	96	0	0
0:08:52.094563	96	0	0
0:08:52.599522	96	0	0
0:08:53.104516	96	0	0
0:08:53.609480	96	0	0
0:08:54.114515	96	0	0
0:08:54.619502	96	0	0
0:08:55.124466	96	0	0
0:08:55.629482	96	0	0
0:08:56.134507	96	0	0
0:08:56.639455	96	0	0
0:08:57.144495	96	0	0
0:08:57.649381	96	0	0
0:08:58.154438	96	0	0
0:08:58.659403	96	0	0
0:08:59.164423	96	0	0
0:08:59.669371	96	0	0
0:09:00.174414	96	0	0
0:09:00.679379	96	0	0
0:09:01.184322	96	0	0
0:09:01.689306	96	0	0
0:09:02.194308	96	0	0
0:09:02.699296	96	0	0
0:09:03.204293	96	0	0
0:09:03.708329	96	0	0
0:09:04.213263	96	0	0
0:09:04.718291	96	0	0
0:09:05.223284	96	0	0
0:09:05.728226	96	0	0
0:09:06.233221	96	0	0
0:09:06.738196	96	0	0
0:09:07.243231	96	0	0
0:09:07.748156	96	0	0
0:09:08.253179	96	0	0
0:09:08.758121	96	0	0
0:09:09.263103	96	0	0
0:09:09.768123	96	0	0
0:09:10.273121	96	0	0
0:09:10.778106	96	0	0
0:09:11.283048	96	0	0
0:09:11.788023	96	0	0
0:09:12.293074	96	0	0
0:09:12.798069	96	0	0
0:09:13.303054	96	0	0
0:09:13.807982	96	0	0
0:09:14.313054	96	0	0
0:09:14.817990	96	0	0
0:09:15.322977	96	0	0
0:09:15.827920	96	0	0
0:09:16.332982	96	0	0
0:09:16.837984	96	0	0
0:09:17.342938	96	0	0
0:09:17.847868	96	0	0
0:09:18.352892	96	0	0
0:09:18.857891	96	0	0
0:09:19.362962	96	0	0
0:09:19.867823	96	0	0
0:09:20.372853	96	0	0
0:09:20.877841	96	0	0
0:09:21.382804	96	0	0
0:09:21.887768	96	0	0
0:09:22.392835	96	0	0
0:09:22.897822	96	0	0
0:09:23.402801	96	0	0
0:09:23.907717	96	0	0
0:09:24.412782	96	0	0
0:09:24.917736	96	0	0
0:09:25.422745	96	0	0
0:09:25.927709	96	0	0
0:09:26.432744	96	0	0
0:09:26.937690	96	0	0
0:09:27.442646	96	0	0
0:09:27.947652	96	0	0
0:09:28.452676	96	0	0
0:09:28.957639	96	0	0
0:09:29.462680	96	0	0
0:09:29.967638	96	0	0
0:09:30.472626	96	0	0
0:09:30.977589	96	0	0
0:09:31.482552	96	0	0
0:09:31.987557	96	0	0
0:09:32.492607	96	0	0
0:09:32.997534	96	0	0
0:09:33.502513	96	0	0
0:09:34.007517	96	0	0
0:09:34.512533	96	0	0
0:09:35.017484	96	0	0
0:09:35.522466	96	0	0
0:09:36.027493	96	0	0
0:09:36.532470	96	0	0
0:09:37.037441	96	0	0
0:09:37.542417	96	0	0
0:09:38.047408	96	0	0
0:09:38.552398	96	0	0
0:09:39.057404	96	0	0
0:09:39.562401	96	0	0
0:09:40.067307	96	0	0
0:09:40.572367	96	0	0
0:09:41.077380	96	0	0
0:09:41.582319	96	0	0
0:09:42.087309	96	0	0
0:09:42.592307	96	0	0
0:09:43.097282	96	0	0
0:09:43.602296	96	0	0
0:09:44.107255	96	0	0
0:09:44.612266	96	0	0
0:09:45.117233	96	0	0
0:09:45.622217	96	0	0
0:09:46.127183	96	0	0
0:09:46.632189	96	0	0
0:09:47.137282	96	0	0
0:09:47.642160	96	0	0
0:09:48.147150	96	0	0
0:09:48.652203	96	0	0
0:09:49.157086	96	0	0
0:09:49.662107	96	0	0
0:09:50.167099	96	0	0
0:09:50.672141	96	0	0
0:09:51.177069	96	0	0
0:09:51.682069	96	0	0
0:09:52.187077	96	0	0
0:09:52.692042	96	0	0
0:09:53.197040	96	0	0
0:09:53.702010	96	0	0
0:09:54.206953	96	0	0
0:09:54.711994	96	0	0
0:09:55.217047	96	0	0
0:09:55.722813	96	0	0
0:09:56.227958	96	0	0
0:09:56.732973	96	0	0
0:09:57.237887	96	0	0
0:09:57.742909	96	0	0
0:09:58.247949	96	0	0
0:09:58.752918	96	0	0
0:09:59.257876	96	0	0
0:09:59.762875	96	0	0
0:10:00.267803	96	0	0
0:10:00.772835	96	0	0
0:10:01.277858	96	0	0
0:10:01.782826	96	0	0
0:10:02.287800	96	0	0
0:10:02.792803	96	0	0
0:10:03.297771	96	0	0
0:10:03.802759	96	0	0
0:10:04.307703	96	0	0
0:10:04.812756	96	0	0
0:10:05.317746	96	0	0
0:10:05.822718	96	0	0
0:10:06.327649	96	0	0
0:10:06.832691	96	0	0
0:10:07.337635	96	0	0
0:10:07.842662	96	0	0
0:10:08.347648	96	0	0
0:10:08.852643	96	0	0
0:10:09.357593	96	0	0
0:10:09.862630	96	0	0
0:10:10.367590	96	0	0
0:10:10.872582	96	0	0
0:10:11.377567	96	0	0
0:10:11.882562	96	0	0
0:10:12.387554	96	0	0
0:10:12.892535	96	0	0
0:10:13.397506	96	0	0
0:10:13.902534	96	0	0
0:10:14.407475	96	0	0
0:10:14.912488	96	0	0
0:10:15.417471	96	0	0
0:10:15.922452	96	0	0
0:10:16.427416	96	0	0
0:10:16.932439	96	0	0
0:10:17.437383	96	0	0
0:10:17.942406	96	0	0
0:10:18.447378	96	0	0
0:10:18.952389	96	0	0
0:10:19.457362	96	0	0
0:10:19.962346	96	0	0
0:10:20.467342	96	0	0
0:10:20.972325	96	0	0
0:10:21.477324	96	0	0
0:10:21.982310	96	0	0
0:10:22.487290	96	0	0
0:10:22.992306	96	0	0
0:10:23.497260	96	0	0
0:10:24.002250	96	0	0
0:10:24.507284	96	0	0
0:10:25.012237	96	0	0
0:10:25.517209	96	0	0
0:10:26.022208	96	0	0
0:10:26.527189	96	0	0
0:10:27.032202	96	0	0
0:10:27.537156	96	0	0
0:10:28.042140	96	0	0
0:10:28.547143	96	0	0
0:10:29.052208	96	0	0
0:10:29.557107	96	0	0
0:10:30.062109	96	0	0
0:10:30.567082	96	0	0
0:10:31.072144	96	0	0
0:10:31.577106	96	0	0
0:10:32.082044	96	0	0
0:10:32.587040	96	0	0
0:10:33.092032	96	0	0
0:10:33.597001	96	0	0
0:10:34.102002	96	0	0
0:10:34.606979	96	0	0
0:10:35.111973	96	0	0
0:10:35.616956	96	0	0
0:10:36.121954	96	0	0
0:10:36.626965	96	0	0
0:10:37.131912	96	0	0
0:10:37.636907	96	0	0
0:10:38.141898	96	0	0
0:10:38.646883	96	0	0
0:10:39.151895	96	0	0
0:10:39.656897	96	0	0
0:10:40.161884	96	0	0
0:10:40.666837	96	0	0
0:10:41.171814	96	0	0
0:10:41.676807	96	0	0
0:10:42.181865	96	0	0
0:10:42.686757	96	0	0
0:10:43.191769	96	0	0
0:10:43.696771	96	0	0
0:10:44.201744	96	0	0
0:10:44.706784	96	0	0
0:10:45.211769	96	0	0
0:10:45.716717	96	0	0
0:10:46.221662	96	0	0
0:10:46.726640	96	0	0
0:10:47.231698	96	0	0
0:10:47.736663	96	0	0
0:10:48.241668	96	0	0
0:10:48.746621	96	0	0
0:10:49.251631	96	0	0
0:10:49.756629	96	0	0
0:10:50.261597	96	0	0
0:10:50.766526	96	0	0
0:10:54.955436	96	0	0
0:10:55.460425	96	0	0
0:10:55.965445	96	0	0
0:10:56.470431	96	0	0
0:10:56.975444	96	0	0
0:10:57.480466	96	0	0
0:10:57.985465	96	0	0
0:10:58.490376	96	0	0
0:10:58.995358	96	0	0
0:10:59.500370	96	0	0
0:11:00.005341	96	0	0
0:11:00.510333	96	0	0
0:11:01.015315	96	0	0
0:11:01.520324	96	0	0
0:11:02.025284	96	0	0
0:11:02.530253	96	0	0
0:11:03.035264	96	0	0
0:11:03.540309	96	0	0
0:11:04.045247	96	0	0
0:11:04.550232	96	0	0
0:11:05.055246	96	0	0
0:11:05.560209	96	0	0
0:11:06.065176	96	0	0
0:11:06.570134	96	0	0
0:11:07.075167	96	0	0
0:11:07.580145	96	0	0
0:11:08.085142	96	0	0
0:11:08.590095	96	0	0
0:11:09.095121	96	0	0
0:11:09.600096	96	0	0
0:11:10.105093	96	0	0
0:11:10.610077	96	0	0
0:11:11.115058	96	0	0
0:11:11.620000	96	0	0
0:11:12.125032	96	0	0
0:11:12.630061	96	0	0
0:11:13.135034	96	0	0
0:11:13.639951	96	0	0
0:11:14.144993	96	0	0
0:11:14.649968	96	0	0
0:11:15.154938	96	0	0
0:11:15.660015	96	0	0
0:11:16.165232	96	0	0
0:11:16.670164	96	0	0
0:11:17.174949	96	0	0
0:11:17.679886	96	0	0
0:11:18.184845	96	0	0
0:11:18.689863	96	0	0
0:11:19.194859	96	0	0
0:11:19.699811	96	0	0
0:11:20.204825	96	0	0
0:11:20.709827	96	0	0
0:11:21.214811	96	0	0
0:11:21.719746	96	0	0
0:11:22.224823	96	0	0
0:11:22.729725	96	0	0
0:11:23.234794	96	0	0
0:11:23.739692	96	0	0
0:11:24.244774	96	0	0
0:11:24.749722	96	0	0
0:11:25.254681	96	0	0
0:11:25.759697	96	0	0
0:11:26.264746	96	0	0
0:11:26.769702	96	0	0
0:11:27.274671	96	0	0
0:11:27.779633	96	0	0
0:11:28.283609	96	0	0
0:11:28.788311	96	0	0
0:11:29.293624	96	0	0
0:11:29.798544	96	0	0
0:11:30.303571	96	0	0
0:11:30.808606	96	0	0
0:11:31.313541	96	0	0
0:11:31.818541	96	0	0
0:11:32.323551	96	0	0
0:11:32.828519	96	0	0
0:11:33.333499	96	0	0
0:11:33.838490	96	0	0
0:11:34.343480	96	0	0
0:11:34.848435	96	0	0
0:11:35.353458	96	0	0
0:11:35.858435	96	0	0
0:11:36.363443	96	0	0
0:11:36.868422	96	0	0
0:11:37.373393	96	0	0
0:11:37.878385	96	0	0
0:11:38.383374	96	0	0
0:11:38.888387	96	0	0
0:11:39.393352	96	0	0
0:11:39.898339	96	0	0
0:11:40.403300	96	0	0
0:11:40.908268	96	0	0
0:11:41.413267	96	0	0
0:11:41.919223	96	0	0
0:11:42.424237	96	0	0
0:11:42.929276	96	0	0
0:11:43.434247	96	0	0
0:11:43.939213	96	0	0
0:11:44.444183	96	0	0
0:11:44.949181	96	0	0
0:11:45.454168	96	0	0
0:11:45.959136	96	0	0
0:11:46.464187	96	0	0
0:11:46.969161	96	0	0
0:11:47.474115	96	0	0
0:11:47.979177	96	0	0
0:11:48.484153	96	0	0
0:11:48.989087	96	0	0
0:11:49.494058	96	0	0
0:11:49.999079	96	0	0
0:11:50.504033	96	0	0
0:11:51.009050	96	0	0
0:11:51.514033	96	0	0
0:11:52.019023	96	0	0
0:11:52.523988	96	0	0
0:11:53.029308	96	0	0
0:11:53.533956	96	0	0
0:11:54.038940	96	0	0
0:11:54.543929	96	0	0
0:11:55.048969	96	0	0
0:11:55.553911	96	0	0
0:11:56.058926	96	0	0
0:11:56.563868	96	0	0
0:11:57.068874	96	0	0
0:11:57.573891	96	0	0
0:11:58.078878	96	0	0
0:11:58.583841	96	0	0
0:11:59.088893	96	0	0
0:11:59.594861	96	0	0
0:12:00.099862	96	0	0
0:12:00.604785	96	0	0
0:12:01.109840	96	0	0
0:12:01.614816	96	0	0
0:12:02.119769	96	0	0
0:12:02.623736	96	0	0
0:12:03.128729	96	0	0
0:12:03.633744	96	0	0
0:12:04.138771	96	0	0
0:12:04.643668	96	0	0
0:12:05.148726	96	0	0
0:12:05.653685	96	0	0
0:12:06.158679	96	0	0
0:12:06.663666	96	0	0
0:12:07.168707	96	0	0
0:12:07.673635	96	0	0
0:12:08.178623	96	0	0
0:12:08.683620	96	0	0
0:12:09.188656	96	0	0
0:12:09.693568	96	0	0
0:12:10.198559	96	0	0
0:12:10.703547	96	0	0
0:12:11.208527	96	0	0
0:12:11.713529	96	0	0
0:12:12.218527	96	0	0
0:12:12.723510	96	0	0
0:12:13.228549	96	0	0
0:12:13.733492	96	0	0
0:12:14.238466	96	0	0
0:12:14.743456	96	0	0
0:12:15.248444	96	0	0
0:12:15.753435	96	0	0
0:12:16.258430	96	0	0
0:12:16.763408	96	0	0
0:12:17.268405	96	0	0
0:12:17.773382	96	0	0
0:12:18.278384	96	0	0
0:12:18.783384	96	0	0
0:12:19.288323	96	0	0
0:12:19.793331	96	0	0
0:12:20.298301	96	0	0
0:12:20.803309	96	0	0
0:12:21.308354	96	0	0
0:12:21.813300	96	0	0
0:12:22.318312	96	0	0
0:12:22.823254	96	0	0
0:12:23.328259	96	0	0
0:12:23.833225	96	0	0
0:12:24.338205	96	0	0
0:12:24.843209	96	0	0
0:12:25.348195	96	0	0
0:12:25.853185	96	0	0
0:12:26.358131	96	0	0
0:12:26.863152	96	0	0
0:12:27.368179	96	0	0
0:12:27.873132	96	0	0
0:12:28.378098	96	0	0
0:12:28.883110	96	0	0
0:12:29.388124	96	0	0
0:12:29.893082	96	0	0
0:12:30.398057	96	0	0
0:12:30.903060	96	0	0
0:12:31.408111	96	0	0
0:12:31.913067	96	0	0
0:12:32.418031	96	0	0
0:12:32.923002	96	0	0
0:12:33.428042	96	0	0
0:12:33.932996	96	0	0
0:12:34.437939	96	0	0
0:12:34.942912	96	0	0
0:12:35.447936	96	0	0
0:12:35.952958	96	0	0
0:12:36.457962	96	0	0
0:12:36.962902	96	0	0
0:12:37.467887	96	0	0
0:12:37.972868	96	0	0
0:12:38.478507	96	0	0
0:12:38.983864	96	0	0
0:12:39.488875	96	0	0
0:12:39.993805	96	0	0
0:12:40.498784	96	0	0
0:12:41.003795	96	0	0
0:12:41.508796	96	0	0
0:12:42.013762	96	0	0
0:12:42.518756	96	0	0
0:12:43.022730	96	0	0
0:12:43.527709	96	0	0
0:12:44.032729	96	0	0
0:12:44.537729	96	0	0
0:12:45.042649	96	0	0
0:12:45.547667	96	0	0
0:12:46.052677	96	0	0
0:12:46.557658	96	0	0
0:12:47.062670	96	0	0
0:12:47.567694	96	0	0
0:12:48.072628	96	0	0
0:12:48.577598	96	0	0
0:12:49.082579	96	0	0
0:12:49.587627	96	0	0
0:12:50.092584	96	0	0
0:12:50.597559	96	0	0
0:12:51.102567	96	0	0
0:12:51.607543	96	0	0
0:12:52.112544	96	0	0
0:12:52.617507	96	0	0
0:12:53.122534	96	0	0
0:12:53.627508	96	0	0
0:12:54.132484	96	0	0
0:12:54.637453	96	0	0
0:12:55.142435	96	0	0
0:12:55.647435	96	0	0
0:12:56.152421	96	0	0
0:12:56.657397	96	0	0
0:12:57.162385	96	0	0
0:12:57.667396	96	0	0
0:12:58.172376	96	0	0
0:12:58.677351	96	0	0
0:12:59.182343	96	0	0
0:12:59.687323	96	0	0
0:13:00.192325	96	0	0
0:13:00.697300	96	0	0
0:13:01.202286	96	0	0
0:13:01.707278	96	0	0
0:13:02.212270	96	0	0
0:13:02.717255	96	0	0
0:13:03.222288	96	0	0
0:13:03.727219	96	0	0
0:13:04.232186	96	0	0
0:13:04.737253	96	0	0
0:13:05.242206	96	0	0
0:13:05.747221	96	0	0
0:13:06.252253	96	0	0
0:13:06.757177	96	0	0
0:13:07.262103	96	0	0
0:13:07.767155	96	0	0
0:13:08.272113	96	0	0
0:13:08.777122	96	0	0
0:13:09.282060	96	0	0
0:13:09.787080	96	0	0
0:13:10.292012	96	0	0
0:13:10.797083	96	0	0
0:13:11.302067	96	0	0
0:13:11.807039	96	0	0
0:13:12.311963	96	0	0
0:13:12.816995	96	0	0
0:13:13.321992	96	0	0
0:13:13.826983	96	0	0
0:13:14.331975	96	0	0
0:13:14.836962	96	0	0
0:13:15.341967	96	0	0
0:13:15.846925	96	0	0
0:13:16.351859	96	0	0
0:13:16.856933	96	0	0
0:13:17.361883	96	0	0
0:13:17.866862	96	0	0
0:13:18.371809	96	0	0
0:13:18.876926	96	0	0
0:13:19.381888	96	0	0
0:13:19.886833	96	0	0
0:13:20.391806	96	0	0
0:13:20.896812	96	0	0
0:13:21.401795	96	0	0
0:13:21.906823	96	0	0
0:13:22.411709	96	0	0
0:13:22.916767	96	0	0
0:13:23.421777	96	0	0
0:13:23.926722	96	0	0
0:13:24.431702	96	0	0
0:13:24.936733	96	0	0
0:13:25.441644	96	0	0
0:13:25.946738	96	0	0
0:13:26.451658	96	0	0
0:13:26.956711	96	0	0
0:13:27.461637	96	0	0
0:13:27.966619	96	0	0
0:13:28.471622	96	0	0
0:13:28.976614	96	0	0
0:13:29.481584	96	0	0
0:13:29.986583	96	0	0
0:13:30.491569	96	0	0
0:13:30.996602	96	0	0
0:13:31.501474	96	0	0
0:13:32.006610	96	0	0
0:13:32.511538	96	0	0
0:13:33.016534	96	0	0
0:13:33.521447	96	0	0
0:13:34.026467	96	0	0
0:16:40.698832	96	0	0
0:16:41.203711	96	0	0
0:16:41.709689	96	0	0
0:16:42.214705	96	0	0
